{
  "x-generator": "NSwag v13.9.4.0 (NJsonSchema v10.3.1.0 (Newtonsoft.Json v12.0.0.0))",
  "openapi": "3.0.0",
  "info": {
    "title": "TwitterClone API",
    "version": "1.0.0"
  },
  "paths": {
    "/api/Conversations": {
      "post": {
        "tags": [
          "Conversations"
        ],
        "operationId": "Conversations_Create",
        "requestBody": {
          "x-name": "command",
          "content": {
            "application/json": {
              "schema": {
                "$ref": "#/components/schemas/CreateConversationCommand"
              }
            }
          },
          "required": true,
          "x-position": 1
        },
        "responses": {
          "200": {
            "description": "",
            "content": {
              "application/json": {
                "schema": {
                  "type": "integer",
                  "format": "int32"
                }
              }
            }
          }
        },
        "security": [
          {
            "JWT": []
          }
        ]
      }
    },
    "/api/users/{userId}/follows": {
      "get": {
        "tags": [
          "Follows"
        ],
        "operationId": "Follows_GetUserFollows",
        "parameters": [
          {
            "name": "userId",
            "in": "path",
            "required": true,
            "schema": {
              "type": "integer",
              "format": "int32"
            },
            "x-position": 1
          }
        ],
        "responses": {
          "200": {
            "description": "",
            "content": {
              "application/json": {
                "schema": {
                  "$ref": "#/components/schemas/FollowsVM"
                }
              }
            }
          }
        }
      },
      "post": {
        "tags": [
          "Follows"
        ],
        "operationId": "Follows_FollowUser",
        "parameters": [
          {
            "name": "userId",
            "in": "path",
            "required": true,
            "schema": {
              "type": "integer",
              "format": "int32"
            },
            "x-position": 1
          }
        ],
        "responses": {
          "200": {
            "description": "",
            "content": {
              "application/octet-stream": {
                "schema": {
                  "type": "string",
                  "format": "binary"
                }
              }
            }
          }
        }
      }
    },
    "/api/Follows/suggestions": {
      "get": {
        "tags": [
          "Follows"
        ],
        "operationId": "Follows_GetSuggestions",
        "parameters": [
          {
            "name": "count",
            "in": "query",
            "schema": {
              "type": "integer",
              "format": "int32",
              "nullable": true
            },
            "x-position": 1
          }
        ],
        "responses": {
          "200": {
            "description": "",
            "content": {
              "application/json": {
                "schema": {
                  "type": "array",
                  "items": {
                    "$ref": "#/components/schemas/SuggestionUserDto"
                  }
                }
              }
            }
          }
        }
      }
    },
    "/api/users/{userId}/unfollow": {
      "post": {
        "tags": [
          "Follows"
        ],
        "operationId": "Follows_UnfollowUser",
        "parameters": [
          {
            "name": "userId",
            "in": "path",
            "required": true,
            "schema": {
              "type": "integer",
              "format": "int32"
            },
            "x-position": 1
          }
        ],
        "responses": {
          "200": {
            "description": "",
            "content": {
              "application/octet-stream": {
                "schema": {
                  "type": "string",
                  "format": "binary"
                }
              }
            }
          }
        }
      }
    },
    "/api/posts/{postId}/like": {
      "post": {
        "tags": [
          "Likes"
        ],
        "operationId": "Likes_CreateLike",
        "parameters": [
          {
            "name": "postId",
            "in": "path",
            "required": true,
            "schema": {
              "type": "integer",
              "format": "int32"
            },
            "x-position": 1
          }
        ],
        "responses": {
          "200": {
            "description": ""
          }
        }
      },
      "delete": {
        "tags": [
          "Likes"
        ],
        "operationId": "Likes_RemoveLike",
        "parameters": [
          {
            "name": "postId",
            "in": "path",
            "required": true,
            "schema": {
              "type": "integer",
              "format": "int32"
            },
            "x-position": 1
          }
        ],
        "responses": {
          "200": {
            "description": ""
          }
        }
      }
    },
    "/api/Medias/{id}": {
      "get": {
        "tags": [
          "Medias"
        ],
        "operationId": "Medias_Get",
        "parameters": [
          {
            "name": "id",
            "in": "path",
            "required": true,
            "schema": {
              "type": "string",
              "format": "guid"
            },
            "x-position": 1
          }
        ],
        "responses": {
          "200": {
            "description": "",
            "content": {
              "application/octet-stream": {
                "schema": {
                  "type": "string",
                  "format": "binary"
                }
              }
            }
          }
        }
      }
    },
    "/api/Medias": {
      "post": {
        "tags": [
          "Medias"
        ],
        "operationId": "Medias_Create",
        "requestBody": {
          "content": {
            "multipart/form-data": {
              "schema": {
                "type": "object",
                "properties": {
                  "file": {
                    "type": "string",
                    "format": "binary",
                    "nullable": true
                  }
                }
              }
            }
          }
        },
        "responses": {
          "200": {
            "description": "",
            "content": {
              "application/json": {
                "schema": {
                  "type": "string",
                  "format": "guid"
                }
              }
            }
          }
        }
      }
    },
    "/api/Notifications": {
      "get": {
        "tags": [
          "Notifications"
        ],
        "operationId": "Notifications_Get",
        "parameters": [
          {
            "name": "Count",
            "in": "query",
            "schema": {
              "type": "integer",
              "format": "int32",
              "nullable": true
            },
            "x-position": 1
          },
          {
            "name": "BeforeId",
            "in": "query",
            "schema": {
              "type": "integer",
              "format": "int32",
              "nullable": true
            },
            "x-position": 2
          }
        ],
        "responses": {
          "200": {
            "description": "",
            "content": {
              "application/json": {
                "schema": {
                  "$ref": "#/components/schemas/NotificationsVM"
                }
              }
            }
          }
        }
      }
    },
    "/api/Notifications/{id}/read": {
      "post": {
        "tags": [
          "Notifications"
        ],
        "operationId": "Notifications_MarkAsRead",
        "parameters": [
          {
            "name": "id",
            "in": "path",
            "required": true,
            "schema": {
              "type": "integer",
              "format": "int32"
            },
            "x-position": 1
          }
        ],
        "responses": {
          "200": {
            "description": ""
          }
        }
      }
    },
    "/api/Posts": {
      "get": {
        "tags": [
          "Posts"
        ],
        "operationId": "Posts_GetAll",
        "parameters": [
          {
            "name": "BeforeId",
            "in": "query",
            "schema": {
              "type": "integer",
              "format": "int32",
              "nullable": true
            },
            "x-position": 1
          },
          {
            "name": "Count",
            "in": "query",
            "schema": {
              "type": "integer",
              "format": "int32",
              "nullable": true
            },
            "x-position": 2
          }
        ],
        "responses": {
          "200": {
            "description": "",
            "content": {
              "application/json": {
                "schema": {
                  "type": "array",
                  "items": {
                    "$ref": "#/components/schemas/PostDto"
                  }
                }
              }
            }
          }
        }
      },
      "post": {
        "tags": [
          "Posts"
        ],
        "operationId": "Posts_Create",
        "requestBody": {
          "x-name": "command",
          "content": {
            "application/json": {
              "schema": {
                "$ref": "#/components/schemas/CreatePostCommand"
              }
            }
          },
          "required": true,
          "x-position": 1
        },
        "responses": {
          "200": {
            "description": "",
            "content": {
              "application/json": {
                "schema": {
                  "type": "integer",
                  "format": "int32"
                }
              }
            }
          }
        }
      }
    },
    "/api/Posts/{id}": {
      "get": {
        "tags": [
          "Posts"
        ],
        "operationId": "Posts_Get",
        "parameters": [
          {
            "name": "id",
            "in": "path",
            "required": true,
            "schema": {
              "type": "integer",
              "format": "int32"
            },
            "x-position": 1
          }
        ],
        "responses": {
          "200": {
            "description": "",
            "content": {
              "application/json": {
                "schema": {
                  "$ref": "#/components/schemas/PostDto2"
                }
              }
            }
          }
        }
      }
    },
    "/api/users/{userId}/posts": {
      "get": {
        "tags": [
          "Posts"
        ],
        "operationId": "Posts_GetUserPosts",
        "parameters": [
          {
            "name": "userId",
            "in": "path",
            "required": true,
            "schema": {
              "type": "integer",
              "format": "int32"
            },
            "x-position": 1
          },
          {
            "name": "beforeId",
            "in": "query",
            "schema": {
              "type": "integer",
              "format": "int32",
              "nullable": true
            },
            "x-position": 2
          },
          {
            "name": "count",
            "in": "query",
            "schema": {
              "type": "integer",
              "format": "int32",
              "nullable": true
            },
            "x-position": 3
          }
        ],
        "responses": {
          "200": {
            "description": "",
            "content": {
              "application/json": {
                "schema": {
                  "type": "array",
                  "items": {
                    "$ref": "#/components/schemas/PostDto3"
                  }
                }
              }
            }
          }
        }
      }
    },
    "/api/Posts/{postId}/answers": {
      "get": {
        "tags": [
          "Posts"
        ],
        "operationId": "Posts_GetPostAnswers",
        "parameters": [
          {
            "name": "postId",
            "in": "path",
            "required": true,
            "schema": {
              "type": "integer",
              "format": "int32"
            },
            "x-position": 1
          },
          {
            "name": "beforeId",
            "in": "query",
            "schema": {
              "type": "integer",
              "format": "int32",
              "nullable": true
            },
            "x-position": 2
          },
          {
            "name": "count",
            "in": "query",
            "schema": {
              "type": "integer",
              "format": "int32",
              "nullable": true
            },
            "x-position": 3
          }
        ],
        "responses": {
          "200": {
            "description": "",
            "content": {
              "application/json": {
                "schema": {
                  "type": "array",
                  "items": {
                    "$ref": "#/components/schemas/PostDto4"
                  }
                }
              }
            }
          }
        }
      }
    },
    "/api/posts/{postId}/re-post": {
      "post": {
        "tags": [
          "RePosts"
        ],
        "operationId": "RePosts_CreateRePost",
        "parameters": [
          {
            "name": "postId",
            "in": "path",
            "required": true,
            "schema": {
              "type": "integer",
              "format": "int32"
            },
            "x-position": 1
          }
        ],
        "responses": {
          "200": {
            "description": ""
          }
        }
      },
      "delete": {
        "tags": [
          "RePosts"
        ],
        "operationId": "RePosts_RemoveRePost",
        "parameters": [
          {
            "name": "postId",
            "in": "path",
            "required": true,
            "schema": {
              "type": "integer",
              "format": "int32"
            },
            "x-position": 1
          }
        ],
        "responses": {
          "200": {
            "description": ""
          }
        }
      }
    },
    "/api/Users": {
      "post": {
        "tags": [
          "Users"
        ],
        "operationId": "Users_Create",
        "requestBody": {
          "x-name": "command",
          "content": {
            "application/json": {
              "schema": {
                "$ref": "#/components/schemas/CreateUserCommand"
              }
            }
          },
          "required": true,
          "x-position": 1
        },
        "responses": {
          "200": {
            "description": "",
            "content": {
              "application/json": {
                "schema": {
                  "type": "integer",
                  "format": "int32"
                }
              }
            }
          }
        },
        "security": [
          {
            "JWT": []
          }
        ]
      },
      "get": {
        "tags": [
          "Users"
        ],
        "operationId": "Users_Get",
        "parameters": [
          {
            "name": "applicationUserId",
            "in": "query",
            "schema": {
              "type": "string",
              "nullable": true
            },
            "x-position": 1
          }
        ],
        "responses": {
          "200": {
            "description": "",
            "content": {
              "application/json": {
                "schema": {
                  "$ref": "#/components/schemas/UserDto7"
                }
              }
            }
          }
        },
        "security": [
          {
            "JWT": []
          }
        ]
      },
      "put": {
        "tags": [
          "Users"
        ],
        "operationId": "Users_Update",
        "requestBody": {
          "x-name": "command",
          "content": {
            "application/json": {
              "schema": {
                "$ref": "#/components/schemas/UpdateUserCommand"
              }
            }
          },
          "required": true,
          "x-position": 1
        },
        "responses": {
          "200": {
            "description": ""
          }
        },
        "security": [
          {
            "JWT": []
          }
        ]
      }
    },
    "/api/Users/{id}": {
      "get": {
        "tags": [
          "Users"
        ],
        "operationId": "Users_Get2",
        "parameters": [
          {
            "name": "id",
            "in": "path",
            "required": true,
            "schema": {
              "type": "integer",
              "format": "int32"
            },
            "x-position": 1
          }
        ],
        "responses": {
          "200": {
            "description": "",
            "content": {
              "application/json": {
                "schema": {
                  "$ref": "#/components/schemas/UserDto6"
                }
              }
            }
          }
        },
        "security": [
          {
            "JWT": []
          }
        ]
      }
    },
    "/api/Users/{username}/profile": {
      "get": {
        "tags": [
          "Users"
        ],
        "operationId": "Users_GetUserProfile",
        "parameters": [
          {
            "name": "username",
            "in": "path",
            "required": true,
            "schema": {
              "type": "string",
              "nullable": true
            },
            "x-position": 1
          }
        ],
        "responses": {
          "200": {
            "description": "",
            "content": {
              "application/json": {
                "schema": {
                  "$ref": "#/components/schemas/UserProfileVM"
                }
              }
            }
          }
        }
      }
    },
    "/api/Users/search": {
      "get": {
        "tags": [
          "Users"
        ],
        "operationId": "Users_SearchUser",
        "parameters": [
          {
            "name": "q",
            "in": "query",
            "schema": {
              "type": "string",
              "nullable": true
            },
            "x-position": 1
          }
        ],
        "responses": {
          "200": {
            "description": "",
            "content": {
              "application/json": {
                "schema": {
                  "type": "array",
                  "items": {
                    "$ref": "#/components/schemas/SearchUserDto"
                  }
                }
              }
            }
          }
        },
        "security": [
          {
            "JWT": []
          }
        ]
      }
    }
  },
  "components": {
    "schemas": {
      "CreateConversationCommand": {
        "type": "object",
        "additionalProperties": false,
        "properties": {
          "members": {
            "type": "array",
            "nullable": true,
            "items": {
              "type": "integer",
              "format": "int32"
            }
          }
        }
      },
      "FollowsVM": {
        "type": "object",
        "additionalProperties": false,
        "properties": {
          "followerIds": {
            "type": "array",
            "nullable": true,
            "items": {
              "type": "integer",
              "format": "int32"
            }
          },
          "followedIds": {
            "type": "array",
            "nullable": true,
            "items": {
              "type": "integer",
              "format": "int32"
            }
          }
        }
      },
      "SuggestionUserDto": {
        "type": "object",
        "additionalProperties": false,
        "properties": {
          "id": {
            "type": "integer",
            "format": "int32"
          },
          "fullName": {
            "type": "string",
            "nullable": true
          },
          "username": {
            "type": "string",
            "nullable": true
          },
          "pictureId": {
            "type": "string",
            "nullable": true
          },
          "isCertified": {
            "type": "boolean"
          }
        }
      },
      "NotificationsVM": {
        "type": "object",
        "additionalProperties": false,
        "properties": {
          "notifications": {
            "type": "array",
            "nullable": true,
            "items": {
              "$ref": "#/components/schemas/NotificationDto"
            }
          },
          "totalUnread": {
            "type": "integer",
            "format": "int32"
          }
        }
      },
      "NotificationDto": {
        "type": "object",
        "additionalProperties": false,
        "properties": {
          "id": {
            "type": "integer",
            "format": "int32"
          },
          "read": {
            "type": "boolean"
          },
          "postId": {
            "type": "integer",
            "format": "int32"
          },
          "postContent": {
            "type": "string",
            "nullable": true
          },
          "createdBy": {
            "nullable": true,
            "oneOf": [
              {
                "$ref": "#/components/schemas/UserDto"
              }
            ]
          },
          "type": {
            "$ref": "#/components/schemas/NotificationType"
          }
        }
      },
      "UserDto": {
        "type": "object",
        "additionalProperties": false,
        "properties": {
          "id": {
            "type": "integer",
            "format": "int32"
          },
          "fullName": {
            "type": "string",
            "nullable": true
          },
          "username": {
            "type": "string",
            "nullable": true
          },
          "pictureId": {
            "type": "string",
            "nullable": true
          },
          "isCertified": {
            "type": "boolean"
          }
        }
      },
      "NotificationType": {
        "type": "integer",
        "description": "",
        "x-enumNames": [
          "Follow",
          "Mention",
          "Answer",
          "RePost",
          "Like"
        ],
        "enum": [
          0,
          1,
          2,
          3,
          4
        ]
      },
      "PostDto": {
        "type": "object",
        "additionalProperties": false,
        "properties": {
          "id": {
            "type": "integer",
            "format": "int32"
          },
          "answerToId": {
            "type": "integer",
            "format": "int32",
            "nullable": true
          },
          "content": {
            "type": "string",
            "nullable": true
          },
          "created": {
            "type": "string",
            "format": "date-time"
          },
          "createdBy": {
            "nullable": true,
            "oneOf": [
              {
                "$ref": "#/components/schemas/UserDto2"
              }
            ]
          },
          "mediaId": {
            "type": "string",
            "nullable": true
          },
          "likedBy": {
            "nullable": true,
            "oneOf": [
              {
                "$ref": "#/components/schemas/UserDto2"
              }
            ]
          },
          "likedByMe": {
            "type": "boolean"
          },
          "likes": {
            "type": "integer",
            "format": "int32"
          },
          "rePostedBy": {
            "nullable": true,
            "oneOf": [
              {
                "$ref": "#/components/schemas/UserDto2"
              }
            ]
          },
          "rePostedByMe": {
            "type": "boolean"
          },
          "rePosts": {
            "type": "integer",
            "format": "int32"
          },
          "answers": {
            "type": "integer",
            "format": "int32"
          }
        }
      },
      "UserDto2": {
        "type": "object",
        "additionalProperties": false,
        "properties": {
          "id": {
            "type": "integer",
            "format": "int32"
          },
          "fullName": {
            "type": "string",
            "nullable": true
          },
          "username": {
            "type": "string",
            "nullable": true
          },
          "pictureId": {
            "type": "string",
            "nullable": true
          },
          "isCertified": {
            "type": "boolean"
          }
        }
      },
      "PostDto2": {
        "type": "object",
        "additionalProperties": false,
        "properties": {
          "id": {
            "type": "integer",
            "format": "int32"
          },
          "answerToId": {
            "type": "integer",
            "format": "int32",
            "nullable": true
          },
          "content": {
            "type": "string",
            "nullable": true
          },
          "created": {
            "type": "string",
            "format": "date-time"
          },
          "createdBy": {
            "nullable": true,
            "oneOf": [
              {
                "$ref": "#/components/schemas/UserDto3"
              }
            ]
          },
          "mediaId": {
            "type": "string",
            "nullable": true
          },
          "likedByMe": {
            "type": "boolean"
          },
          "likes": {
            "type": "integer",
            "format": "int32"
          },
          "rePostedByMe": {
            "type": "boolean"
          },
          "rePosts": {
            "type": "integer",
            "format": "int32"
          },
          "answers": {
            "type": "integer",
            "format": "int32"
          }
        }
      },
      "UserDto3": {
        "type": "object",
        "additionalProperties": false,
        "properties": {
          "id": {
            "type": "integer",
            "format": "int32"
          },
          "fullName": {
            "type": "string",
            "nullable": true
          },
          "username": {
            "type": "string",
            "nullable": true
          },
          "pictureId": {
            "type": "string",
            "nullable": true
          },
          "isCertified": {
            "type": "boolean"
          }
        }
      },
      "CreatePostCommand": {
        "type": "object",
        "additionalProperties": false,
        "properties": {
          "content": {
            "type": "string",
            "nullable": true
          },
          "mediaId": {
            "type": "string",
            "format": "guid",
            "nullable": true
          },
          "answerToId": {
            "type": "integer",
            "format": "int32",
            "nullable": true
          }
        }
      },
      "PostDto3": {
        "type": "object",
        "additionalProperties": false,
        "properties": {
          "id": {
            "type": "integer",
            "format": "int32"
          },
          "answerToId": {
            "type": "integer",
            "format": "int32",
            "nullable": true
          },
          "content": {
            "type": "string",
            "nullable": true
          },
          "created": {
            "type": "string",
            "format": "date-time"
          },
          "createdBy": {
            "nullable": true,
            "oneOf": [
              {
                "$ref": "#/components/schemas/UserDto4"
              }
            ]
          },
          "mediaId": {
            "type": "string",
            "nullable": true
          },
          "likedByMe": {
            "type": "boolean"
          },
          "likes": {
            "type": "integer",
            "format": "int32"
          },
          "rePostedByMe": {
            "type": "boolean"
          },
          "rePosts": {
            "type": "integer",
            "format": "int32"
          },
          "answers": {
            "type": "integer",
            "format": "int32"
          }
        }
      },
      "UserDto4": {
        "type": "object",
        "additionalProperties": false,
        "properties": {
          "id": {
            "type": "integer",
            "format": "int32"
          },
          "fullName": {
            "type": "string",
            "nullable": true
          },
          "username": {
            "type": "string",
            "nullable": true
          },
          "pictureId": {
            "type": "string",
            "nullable": true
          },
          "isCertified": {
            "type": "boolean"
          }
        }
      },
      "PostDto4": {
        "type": "object",
        "additionalProperties": false,
        "properties": {
          "id": {
            "type": "integer",
            "format": "int32"
          },
          "answerToId": {
            "type": "integer",
            "format": "int32",
            "nullable": true
          },
          "content": {
            "type": "string",
            "nullable": true
          },
          "created": {
            "type": "string",
            "format": "date-time"
          },
          "createdBy": {
            "nullable": true,
            "oneOf": [
              {
                "$ref": "#/components/schemas/UserDto5"
              }
            ]
          },
          "mediaId": {
            "type": "string",
            "nullable": true
          },
          "likedByMe": {
            "type": "boolean"
          },
          "likes": {
            "type": "integer",
            "format": "int32"
          },
          "rePostedByMe": {
            "type": "boolean"
          },
          "rePosts": {
            "type": "integer",
            "format": "int32"
          },
          "answers": {
            "type": "integer",
            "format": "int32"
          }
        }
      },
      "UserDto5": {
        "type": "object",
        "additionalProperties": false,
        "properties": {
          "id": {
            "type": "integer",
            "format": "int32"
          },
          "fullName": {
            "type": "string",
            "nullable": true
          },
          "username": {
            "type": "string",
            "nullable": true
          },
          "pictureId": {
            "type": "string",
            "nullable": true
          },
          "isCertified": {
            "type": "boolean"
          }
        }
      },
      "CreateUserCommand": {
        "type": "object",
        "additionalProperties": false,
        "properties": {
          "fullName": {
            "type": "string",
            "nullable": true
          },
          "username": {
            "type": "string",
            "nullable": true
          },
          "applicationUserId": {
            "type": "string",
            "nullable": true
          }
        }
      },
      "UserDto6": {
        "type": "object",
        "additionalProperties": false,
        "properties": {
          "id": {
            "type": "integer",
            "format": "int32"
          },
          "fullName": {
            "type": "string",
            "nullable": true
          },
          "username": {
            "type": "string",
            "nullable": true
          }
        }
      },
      "UserDto7": {
        "type": "object",
        "additionalProperties": false,
        "properties": {
          "id": {
            "type": "integer",
            "format": "int32"
          },
          "fullName": {
            "type": "string",
            "nullable": true
          },
          "username": {
            "type": "string",
            "nullable": true
          },
          "applicationUserId": {
            "type": "string",
            "nullable": true
          },
          "pictureId": {
            "type": "string",
            "nullable": true
          }
        }
      },
      "UserProfileVM": {
        "type": "object",
        "additionalProperties": false,
        "properties": {
          "user": {
            "nullable": true,
            "oneOf": [
              {
                "$ref": "#/components/schemas/ProfileUserDto"
              }
            ]
          },
          "postsCount": {
            "type": "integer",
            "format": "int32"
          },
          "followersCount": {
            "type": "integer",
            "format": "int32"
          },
          "followedCount": {
            "type": "integer",
            "format": "int32"
          }
        }
      },
      "ProfileUserDto": {
        "type": "object",
        "additionalProperties": false,
        "properties": {
          "id": {
            "type": "integer",
            "format": "int32"
          },
          "fullName": {
            "type": "string",
            "nullable": true
          },
          "username": {
            "type": "string",
            "nullable": true
          },
          "created": {
            "type": "string",
            "format": "date-time"
          },
          "pictureId": {
            "type": "string",
            "nullable": true
          },
          "bannerId": {
            "type": "string",
            "nullable": true
          },
          "description": {
            "type": "string",
            "nullable": true
          },
          "website": {
            "type": "string",
            "nullable": true
          },
          "location": {
            "type": "string",
            "nullable": true
          },
          "isCertified": {
            "type": "boolean"
          }
        }
      },
      "UpdateUserCommand": {
        "type": "object",
        "additionalProperties": false,
        "properties": {
          "fullName": {
            "type": "string",
            "nullable": true
          },
          "description": {
            "type": "string",
            "nullable": true
          },
          "location": {
            "type": "string",
            "nullable": true
          },
          "website": {
            "type": "string",
            "nullable": true
          },
          "pictureId": {
            "type": "string",
            "format": "guid",
            "nullable": true
          },
          "bannerId": {
            "type": "string",
            "format": "guid",
            "nullable": true
          }
        }
      },
      "SearchUserDto": {
        "type": "object",
        "additionalProperties": false,
        "properties": {
          "id": {
            "type": "integer",
            "format": "int32"
          },
          "fullName": {
            "type": "string",
            "nullable": true
          },
          "username": {
            "type": "string",
            "nullable": true
          },
          "pictureId": {
            "type": "string",
            "nullable": true
          },
          "followedByMe": {
            "type": "boolean"
          }
        }
      }
    },
    "securitySchemes": {
      "JWT": {
        "type": "apiKey",
        "description": "Type into the textbox: Bearer {your JWT token}.",
        "name": "Authorization",
        "in": "header"
      }
    }
  },
  "security": [
    {
      "JWT": []
    }
  ]
}